[{"model": "admin.logentry", "pk": 11, "fields": {"action_time": "2025-07-06T06:31:17.719Z", "user": 4, "content_type": 4, "object_id": "7", "object_repr": "nandar123@gmail.com", "action_flag": 1, "change_message": "[{\"added\": {}}]"}}, {"model": "admin.logentry", "pk": 12, "fields": {"action_time": "2025-07-06T06:32:35.946Z", "user": 4, "content_type": 4, "object_id": "7", "object_repr": "nandar123@gmail.com", "action_flag": 2, "change_message": "[{\"changed\": {\"fields\": [\"First name\"]}}]"}}, {"model": "admin.logentry", "pk": 13, "fields": {"action_time": "2025-07-06T06:32:53.093Z", "user": 4, "content_type": 4, "object_id": "7", "object_repr": "nandar123", "action_flag": 2, "change_message": "[{\"changed\": {\"fields\": [\"Username\"]}}]"}}, {"model": "admin.logentry", "pk": 14, "fields": {"action_time": "2025-07-06T06:34:43.800Z", "user": 4, "content_type": 4, "object_id": "7", "object_repr": "nandar123", "action_flag": 2, "change_message": "[{\"changed\": {\"fields\": [\"First name\", \"User permissions\"]}}]"}}, {"model": "auth.permission", "pk": 1, "fields": {"name": "Can add log entry", "content_type": 1, "codename": "add_logentry"}}, {"model": "auth.permission", "pk": 2, "fields": {"name": "Can change log entry", "content_type": 1, "codename": "change_logentry"}}, {"model": "auth.permission", "pk": 3, "fields": {"name": "Can delete log entry", "content_type": 1, "codename": "delete_logentry"}}, {"model": "auth.permission", "pk": 4, "fields": {"name": "Can view log entry", "content_type": 1, "codename": "view_logentry"}}, {"model": "auth.permission", "pk": 5, "fields": {"name": "Can add permission", "content_type": 2, "codename": "add_permission"}}, {"model": "auth.permission", "pk": 6, "fields": {"name": "Can change permission", "content_type": 2, "codename": "change_permission"}}, {"model": "auth.permission", "pk": 7, "fields": {"name": "Can delete permission", "content_type": 2, "codename": "delete_permission"}}, {"model": "auth.permission", "pk": 8, "fields": {"name": "Can view permission", "content_type": 2, "codename": "view_permission"}}, {"model": "auth.permission", "pk": 9, "fields": {"name": "Can add group", "content_type": 3, "codename": "add_group"}}, {"model": "auth.permission", "pk": 10, "fields": {"name": "Can change group", "content_type": 3, "codename": "change_group"}}, {"model": "auth.permission", "pk": 11, "fields": {"name": "Can delete group", "content_type": 3, "codename": "delete_group"}}, {"model": "auth.permission", "pk": 12, "fields": {"name": "Can view group", "content_type": 3, "codename": "view_group"}}, {"model": "auth.permission", "pk": 13, "fields": {"name": "Can add user", "content_type": 4, "codename": "add_user"}}, {"model": "auth.permission", "pk": 14, "fields": {"name": "Can change user", "content_type": 4, "codename": "change_user"}}, {"model": "auth.permission", "pk": 15, "fields": {"name": "Can delete user", "content_type": 4, "codename": "delete_user"}}, {"model": "auth.permission", "pk": 16, "fields": {"name": "Can view user", "content_type": 4, "codename": "view_user"}}, {"model": "auth.permission", "pk": 17, "fields": {"name": "Can add content type", "content_type": 5, "codename": "add_contenttype"}}, {"model": "auth.permission", "pk": 18, "fields": {"name": "Can change content type", "content_type": 5, "codename": "change_contenttype"}}, {"model": "auth.permission", "pk": 19, "fields": {"name": "Can delete content type", "content_type": 5, "codename": "delete_contenttype"}}, {"model": "auth.permission", "pk": 20, "fields": {"name": "Can view content type", "content_type": 5, "codename": "view_contenttype"}}, {"model": "auth.permission", "pk": 21, "fields": {"name": "Can add session", "content_type": 6, "codename": "add_session"}}, {"model": "auth.permission", "pk": 22, "fields": {"name": "Can change session", "content_type": 6, "codename": "change_session"}}, {"model": "auth.permission", "pk": 23, "fields": {"name": "Can delete session", "content_type": 6, "codename": "delete_session"}}, {"model": "auth.permission", "pk": 24, "fields": {"name": "Can view session", "content_type": 6, "codename": "view_session"}}, {"model": "auth.permission", "pk": 25, "fields": {"name": "Can add medicine", "content_type": 7, "codename": "add_medicine"}}, {"model": "auth.permission", "pk": 26, "fields": {"name": "Can change medicine", "content_type": 7, "codename": "change_medicine"}}, {"model": "auth.permission", "pk": 27, "fields": {"name": "Can delete medicine", "content_type": 7, "codename": "delete_medicine"}}, {"model": "auth.permission", "pk": 28, "fields": {"name": "Can view medicine", "content_type": 7, "codename": "view_medicine"}}, {"model": "auth.permission", "pk": 29, "fields": {"name": "Can add sale", "content_type": 8, "codename": "add_sale"}}, {"model": "auth.permission", "pk": 30, "fields": {"name": "Can change sale", "content_type": 8, "codename": "change_sale"}}, {"model": "auth.permission", "pk": 31, "fields": {"name": "Can delete sale", "content_type": 8, "codename": "delete_sale"}}, {"model": "auth.permission", "pk": 32, "fields": {"name": "Can view sale", "content_type": 8, "codename": "view_sale"}}, {"model": "auth.permission", "pk": 33, "fields": {"name": "Can add sale item", "content_type": 9, "codename": "add_saleitem"}}, {"model": "auth.permission", "pk": 34, "fields": {"name": "Can change sale item", "content_type": 9, "codename": "change_saleitem"}}, {"model": "auth.permission", "pk": 35, "fields": {"name": "Can delete sale item", "content_type": 9, "codename": "delete_saleitem"}}, {"model": "auth.permission", "pk": 36, "fields": {"name": "Can view sale item", "content_type": 9, "codename": "view_saleitem"}}, {"model": "auth.permission", "pk": 37, "fields": {"name": "Can add threshold", "content_type": 10, "codename": "add_threshold"}}, {"model": "auth.permission", "pk": 38, "fields": {"name": "Can change threshold", "content_type": 10, "codename": "change_threshold"}}, {"model": "auth.permission", "pk": 39, "fields": {"name": "Can delete threshold", "content_type": 10, "codename": "delete_threshold"}}, {"model": "auth.permission", "pk": 40, "fields": {"name": "Can view threshold", "content_type": 10, "codename": "view_threshold"}}, {"model": "auth.permission", "pk": 41, "fields": {"name": "Can add pharmacy info", "content_type": 11, "codename": "add_pharmacyinfo"}}, {"model": "auth.permission", "pk": 42, "fields": {"name": "Can change pharmacy info", "content_type": 11, "codename": "change_pharmacyinfo"}}, {"model": "auth.permission", "pk": 43, "fields": {"name": "Can delete pharmacy info", "content_type": 11, "codename": "delete_pharmacyinfo"}}, {"model": "auth.permission", "pk": 44, "fields": {"name": "Can view pharmacy info", "content_type": 11, "codename": "view_pharmacyinfo"}}, {"model": "auth.permission", "pk": 45, "fields": {"name": "Can add profile", "content_type": 12, "codename": "add_profile"}}, {"model": "auth.permission", "pk": 46, "fields": {"name": "Can change profile", "content_type": 12, "codename": "change_profile"}}, {"model": "auth.permission", "pk": 47, "fields": {"name": "Can delete profile", "content_type": 12, "codename": "delete_profile"}}, {"model": "auth.permission", "pk": 48, "fields": {"name": "Can view profile", "content_type": 12, "codename": "view_profile"}}, {"model": "auth.user", "pk": 4, "fields": {"password": "pbkdf2_sha256$1000000$pwhuwWA4wnwxilbPY81LYK$/EfxyQyo+mLIcfddvlR1MKRswqgITA80Cd2XvLI+JJA=", "last_login": "2025-08-07T12:52:22.184Z", "is_superuser": true, "username": "sanchain", "first_name": "", "last_name": "", "email": "sanchain@gmail.com", "is_staff": true, "is_active": true, "date_joined": "2025-06-30T17:08:09.251Z", "groups": [], "user_permissions": []}}, {"model": "auth.user", "pk": 6, "fields": {"password": "pbkdf2_sha256$600000$9qj82TlszRQfiTHrCysv5t$VpQwln7GEYwfQXrIDBICRqbaiZTW2OS3lmD+on6Ht84=", "last_login": "2025-07-06T04:44:00.491Z", "is_superuser": false, "username": "waiwai", "first_name": "", "last_name": "", "email": "", "is_staff": false, "is_active": true, "date_joined": "2025-07-01T03:21:19.399Z", "groups": [], "user_permissions": []}}, {"model": "auth.user", "pk": 7, "fields": {"password": "pbkdf2_sha256$1000000$0b7TUGOqtWsfD5pYe2ycSx$XS4naiYhdTEp2O9WyMdyCO6Vw5BdSKi47nzrH6oa43I=", "last_login": "2025-07-06T06:35:08.756Z", "is_superuser": false, "username": "nandar123", "first_name": "", "last_name": "", "email": "", "is_staff": false, "is_active": true, "date_joined": "2025-07-06T06:31:16Z", "groups": [], "user_permissions": [1, 2, 3, 4, 9, 10, 11, 12, 5, 6, 7, 8, 13, 14, 15, 16, 17, 18, 19, 20, 25, 26, 27, 28, 41, 42, 43, 44, 45, 46, 47, 48, 29, 30, 31, 32, 33, 34, 35, 36, 37, 38, 39, 40, 21, 22, 23, 24]}}, {"model": "auth.user", "pk": 8, "fields": {"password": "pbkdf2_sha256$600000$1Gjmpcxqn4awveBENY7qBV$nHBOWsCxNhqxfR0eZw6K9LB3UBZisD36b8zX/zc3a7Y=", "last_login": "2025-07-06T11:58:55.383Z", "is_superuser": true, "username": "nandar", "first_name": "", "last_name": "", "email": "nandar@gmail.com", "is_staff": true, "is_active": true, "date_joined": "2025-07-06T07:06:19.011Z", "groups": [], "user_permissions": []}}, {"model": "contenttypes.contenttype", "pk": 1, "fields": {"app_label": "admin", "model": "logentry"}}, {"model": "contenttypes.contenttype", "pk": 2, "fields": {"app_label": "auth", "model": "permission"}}, {"model": "contenttypes.contenttype", "pk": 3, "fields": {"app_label": "auth", "model": "group"}}, {"model": "contenttypes.contenttype", "pk": 4, "fields": {"app_label": "auth", "model": "user"}}, {"model": "contenttypes.contenttype", "pk": 5, "fields": {"app_label": "contenttypes", "model": "contenttype"}}, {"model": "contenttypes.contenttype", "pk": 6, "fields": {"app_label": "sessions", "model": "session"}}, {"model": "contenttypes.contenttype", "pk": 7, "fields": {"app_label": "inventory", "model": "medicine"}}, {"model": "contenttypes.contenttype", "pk": 8, "fields": {"app_label": "inventory", "model": "sale"}}, {"model": "contenttypes.contenttype", "pk": 9, "fields": {"app_label": "inventory", "model": "saleitem"}}, {"model": "contenttypes.contenttype", "pk": 10, "fields": {"app_label": "inventory", "model": "threshold"}}, {"model": "contenttypes.contenttype", "pk": 11, "fields": {"app_label": "inventory", "model": "pharmacyinfo"}}, {"model": "contenttypes.contenttype", "pk": 12, "fields": {"app_label": "inventory", "model": "profile"}}, {"model": "sessions.session", "pk": "5tlzb4u0et27xusz0tcj7biyydsquhfe", "fields": {"session_data": ".eJxVjEEOwiAQRe_C2hCQFgeX7nsGMjMMUjU0Ke3KeHfbpAvdvvf-f6uI61Li2mSOY1JXBer0ywj5KXUX6YH1Pmme6jKPpPdEH7bpYUryuh3t30HBVrb1mUCCQEBEsRmCdZR8II-CNoGY4CWxbKzzrqfeWOgMXzK6zM4BZ_X5AhRROQQ:1uYO1H:f6AxvIwUT2UOFi0_aDD5Xt43n2qIjMtMDBD2Cjme7HU", "expire_date": "2025-07-20T11:58:55.402Z"}}, {"model": "sessions.session", "pk": "dx14l3o670bdufxo335zh45pdh0s4h50", "fields": {"session_data": ".eJxVjMsOwiAQRf-FtSHyGAou3fsNZJgBqRqalHZl_HfbpAvd3nPOfYuI61Lj2vMcRxYXYcXpd0tIz9x2wA9s90nS1JZ5THJX5EG7vE2cX9fD_Tuo2OtWB1ahGK_QcclDQKfYFg9kPBWGs9dgCDWBcUm5ECCbTfNWo84QcCDx-QLq0Df0:1uk06Y:LazVcajFJtiFFGuqJ4_FAigbnbfHycI4fAh-7Ircrzs", "expire_date": "2025-08-21T12:52:22.192Z"}}, {"model": "sessions.session", "pk": "f7spegut3vp024lnbm85fndrjzbrua1f", "fields": {"session_data": ".eJxVjDsOwjAQBe_iGln-sbYp6XMGa9cfHEC2FCcV4u4QKQW0b2beiwXc1hq2kZcwJ3Zhhp1-N8L4yG0H6Y7t1nnsbV1m4rvCDzr41FN-Xg_376DiqN_aiuTOAr3RlEFlqcAkgOJJShXRIhSL1rkCijRpQAfKWxmFcamISMTeH9BgN6Y:1ucjsC:JuZaFQ5BCQoeQ4VhYiTgavODBy7doG2G01JFmIlhELM", "expire_date": "2025-08-01T12:07:32.455Z"}}, {"model": "sessions.session", "pk": "j1b4h66a0qql7wytew1e1aqlqz8x5icj", "fields": {"session_data": ".eJxVjMsOwiAQRf-FtSGWDgO4dN9vIDM8pGogKe3K-O_apAvd3nPOfQlP21r81tPi5yguAsTpd2MKj1R3EO9Ub02GVtdlZrkr8qBdTi2m5_Vw_w4K9fKtHRDbUWs7EjFmMOxQWUBAdjrmoIhTcE4ToNFIqAdLxvLZDZCMyka8P9k9N2g:1ui5Ic:zJTlYGClPmwUb_QQmNHNKMPLIF-tgGDcY2r3RwdTq2M", "expire_date": "2025-08-16T06:00:54.643Z"}}, {"model": "sessions.session", "pk": "r421m05kicuypqy7fzgsqukzyr48sxig", "fields": {"session_data": ".eJxVjDsOwjAQBe_iGln-sbYp6XMGa9cfHEC2FCcV4u4QKQW0b2beiwXc1hq2kZcwJ3Zhhp1-N8L4yG0H6Y7t1nnsbV1m4rvCDzr41FN-Xg_376DiqN_aiuTOAr3RlEFlqcAkgOJJShXRIhSL1rkCijRpQAfKWxmFcamISMTeH9BgN6Y:1ucmWU:F0unzYXLFBlwV6HWmCtOozL2Ck6U8UvfQ9qQzgoedAo", "expire_date": "2025-08-01T14:57:18.654Z"}}, {"model": "inventory.profile", "pk": 4, "fields": {"user": 4, "role": "admin", "permissions": []}}, {"model": "inventory.profile", "pk": 6, "fields": {"user": 6, "role": "staff", "permissions": [25, 26, 27, 28, 29, 30, 31, 32, 33, 34, 35, 36]}}, {"model": "inventory.profile", "pk": 7, "fields": {"user": 7, "role": "", "permissions": []}}, {"model": "inventory.profile", "pk": 8, "fields": {"user": 8, "role": "admin", "permissions": []}}, {"model": "inventory.threshold", "pk": 1, "fields": {"low_stock_threshold": 10, "expiry_threshold_days": 30}}, {"model": "inventory.medicine", "pk": 1, "fields": {"code": "1111", "name": "Vitamin E 1000mg", "brand_name": "AAA", "category": "Vitamins & Supplements", "unit_per_package": 1, "package_type": "ဆေးဘူး", "quantity": 97, "purchase_price": 2000, "selling_price": 3000, "purchase_date": "2025-06-29", "expiry_date": "2026-10-29", "added_date": "2025-06-29T08:22:43.158Z", "description": "", "dosage_form": "", "supplier_name": "", "storage_info": "", "location": "", "is_active": true}}, {"model": "inventory.medicine", "pk": 2, "fields": {"code": "1121", "name": "Biogestsis", "brand_name": "BBB", "category": "Painkillers", "unit_per_package": 1, "package_type": "ဆေးဘူး", "quantity": 0, "purchase_price": 10000, "selling_price": 12000, "purchase_date": "2025-06-29", "expiry_date": "2026-10-29", "added_date": "2025-06-29T08:23:29.545Z", "description": "", "dosage_form": "", "supplier_name": "", "storage_info": "", "location": "", "is_active": false}}, {"model": "inventory.medicine", "pk": 3, "fields": {"code": "1123", "name": "Biogestsis", "brand_name": "BBB", "category": "Painkillers", "unit_per_package": 1, "package_type": "ဆေးကတ်", "quantity": 994, "purchase_price": 2000, "selling_price": 2200, "purchase_date": "2025-06-29", "expiry_date": "2025-10-29", "added_date": "2025-06-29T08:24:18.605Z", "description": "", "dosage_form": "", "supplier_name": "", "storage_info": "", "location": "", "is_active": true}}, {"model": "inventory.medicine", "pk": 4, "fields": {"code": "1222", "name": "Paracetamol 500mg", "brand_name": "BBB", "category": "Painkillers", "unit_per_package": 1, "package_type": "ဆေးဘူး", "quantity": 7, "purchase_price": 1000, "selling_price": 1200, "purchase_date": "2025-06-29", "expiry_date": "2025-07-25", "added_date": "2025-06-29T08:56:06.762Z", "description": "", "dosage_form": "", "supplier_name": "", "storage_info": "", "location": "", "is_active": true}}, {"model": "inventory.medicine", "pk": 5, "fields": {"code": "1224", "name": "Ibuprofen", "brand_name": "DDD", "category": "Other", "unit_per_package": 1, "package_type": "ဆေးဘူး", "quantity": 33, "purchase_price": 5000, "selling_price": 5500, "purchase_date": "2025-06-29", "expiry_date": "2025-09-26", "added_date": "2025-06-29T08:57:16.820Z", "description": "", "dosage_form": "", "supplier_name": "", "storage_info": "", "location": "", "is_active": true}}, {"model": "inventory.medicine", "pk": 6, "fields": {"code": "1225", "name": "Naproxen", "brand_name": "AAA", "category": "Painkillers", "unit_per_package": 1, "package_type": "ဆေးကတ်", "quantity": 14, "purchase_price": 5000, "selling_price": 5500, "purchase_date": "2025-06-29", "expiry_date": "2025-12-29", "added_date": "2025-06-29T09:02:08.550Z", "description": "", "dosage_form": "", "supplier_name": "", "storage_info": "", "location": "", "is_active": true}}, {"model": "inventory.medicine", "pk": 7, "fields": {"code": "1141", "name": "Vitamin B1 (Thiamine)", "brand_name": "DDD", "category": "Vitamins & Supplements", "unit_per_package": 1, "package_type": "ဆေးကတ်", "quantity": 47, "purchase_price": 5000, "selling_price": 5500, "purchase_date": "2025-06-29", "expiry_date": "2026-06-29", "added_date": "2025-06-29T09:03:48.024Z", "description": "", "dosage_form": "", "supplier_name": "", "storage_info": "", "location": "", "is_active": true}}, {"model": "inventory.medicine", "pk": 8, "fields": {"code": "1215", "name": "Applolen", "brand_name": "AAA", "category": "Tablet", "unit_per_package": 2, "package_type": "ဆေးကတ်", "quantity": 0, "purchase_price": 5000, "selling_price": 5500, "purchase_date": "2025-06-29", "expiry_date": "2025-12-29", "added_date": "2025-06-30T16:09:03.095Z", "description": "", "dosage_form": "", "supplier_name": "", "storage_info": "", "location": "", "is_active": false}}, {"model": "inventory.medicine", "pk": 9, "fields": {"code": "1352", "name": "Paracetamol 1500mg", "brand_name": "BBB", "category": "Painkillers", "unit_per_package": 1, "package_type": "ဆေးဘူး", "quantity": 7, "purchase_price": 1000, "selling_price": 1200, "purchase_date": "2025-06-29", "expiry_date": "2025-07-25", "added_date": "2025-06-30T16:09:03.098Z", "description": "", "dosage_form": "", "supplier_name": "", "storage_info": "", "location": "", "is_active": true}}, {"model": "inventory.medicine", "pk": 10, "fields": {"code": "1456", "name": "Vitamin B5 (Thiamine)", "brand_name": "DDD", "category": "Vitamins & Supplements", "unit_per_package": 1, "package_type": "ဆေးကတ်", "quantity": 47, "purchase_price": 5000, "selling_price": 5500, "purchase_date": "2025-06-29", "expiry_date": "2026-06-29", "added_date": "2025-06-30T16:09:03.100Z", "description": "", "dosage_form": "", "supplier_name": "", "storage_info": "", "location": "", "is_active": true}}, {"model": "inventory.medicine", "pk": 11, "fields": {"code": "1235", "name": "Vitamin C 2000mg", "brand_name": "AAA", "category": "Vitamins & Supplements", "unit_per_package": 1, "package_type": "ဆေးဘူး", "quantity": 97, "purchase_price": 2000, "selling_price": 3000, "purchase_date": "2025-06-29", "expiry_date": "2026-10-29", "added_date": "2025-06-30T16:09:03.102Z", "description": "", "dosage_form": "", "supplier_name": "", "storage_info": "", "location": "", "is_active": true}}, {"model": "inventory.sale", "pk": 1, "fields": {"created_at": "2025-06-29T08:50:41.712Z", "created_by": null, "delivery_fee": 0, "total_amount": 3000, "customer_name": "", "customer_phone": "", "customer_address": ""}}, {"model": "inventory.sale", "pk": 2, "fields": {"created_at": "2025-06-29T09:17:53.183Z", "created_by": null, "delivery_fee": 0, "total_amount": 142900, "customer_name": "", "customer_phone": "", "customer_address": ""}}, {"model": "inventory.sale", "pk": 3, "fields": {"created_at": "2025-06-29T12:20:47.677Z", "created_by": null, "delivery_fee": 2000, "total_amount": 151600, "customer_name": "", "customer_phone": "", "customer_address": ""}}, {"model": "inventory.sale", "pk": 4, "fields": {"created_at": "2025-06-29T12:43:46.348Z", "created_by": null, "delivery_fee": 0, "total_amount": 122200, "customer_name": "", "customer_phone": "", "customer_address": ""}}, {"model": "inventory.sale", "pk": 5, "fields": {"created_at": "2025-06-29T12:55:12.823Z", "created_by": null, "delivery_fee": 2000, "total_amount": 16200, "customer_name": "San Chain Tun", "customer_phone": "09222", "customer_address": "Miyazaki, Japan"}}, {"model": "inventory.sale", "pk": 6, "fields": {"created_at": "2025-06-29T13:28:04.296Z", "created_by": null, "delivery_fee": 0, "total_amount": 120000, "customer_name": "", "customer_phone": "", "customer_address": ""}}, {"model": "inventory.sale", "pk": 7, "fields": {"created_at": "2025-06-29T13:29:37.111Z", "created_by": null, "delivery_fee": 0, "total_amount": 2200, "customer_name": "", "customer_phone": "", "customer_address": ""}}, {"model": "inventory.sale", "pk": 8, "fields": {"created_at": "2025-06-29T14:17:31.634Z", "created_by": null, "delivery_fee": 1000, "total_amount": 12000, "customer_name": "San Chain", "customer_phone": "022", "customer_address": "Japan"}}, {"model": "inventory.sale", "pk": 9, "fields": {"created_at": "2025-06-29T15:31:02.064Z", "created_by": null, "delivery_fee": 1000, "total_amount": 17500, "customer_name": "", "customer_phone": "", "customer_address": ""}}, {"model": "inventory.sale", "pk": 10, "fields": {"created_at": "2025-06-29T15:46:31.979Z", "created_by": null, "delivery_fee": 1000, "total_amount": 134200, "customer_name": "", "customer_phone": "", "customer_address": ""}}, {"model": "inventory.sale", "pk": 11, "fields": {"created_at": "2025-06-29T15:49:54.391Z", "created_by": null, "delivery_fee": 0, "total_amount": 120000, "customer_name": "", "customer_phone": "", "customer_address": ""}}, {"model": "inventory.sale", "pk": 12, "fields": {"created_at": "2025-06-30T16:09:53.729Z", "created_by": null, "delivery_fee": 0, "total_amount": 5500, "customer_name": "", "customer_phone": "", "customer_address": ""}}, {"model": "inventory.sale", "pk": 13, "fields": {"created_at": "2025-06-30T18:50:14.616Z", "created_by": null, "delivery_fee": 0, "total_amount": 5500, "customer_name": "", "customer_phone": "", "customer_address": ""}}, {"model": "inventory.sale", "pk": 14, "fields": {"created_at": "2025-07-06T03:27:37.150Z", "created_by": null, "delivery_fee": 0, "total_amount": 125500, "customer_name": "", "customer_phone": "", "customer_address": ""}}, {"model": "inventory.sale", "pk": 15, "fields": {"created_at": "2025-07-06T04:14:55.218Z", "created_by": 4, "delivery_fee": 0, "total_amount": 125500, "customer_name": "", "customer_phone": "", "customer_address": ""}}, {"model": "inventory.sale", "pk": 16, "fields": {"created_at": "2025-07-06T04:44:05.699Z", "created_by": 6, "delivery_fee": 0, "total_amount": 11000, "customer_name": "", "customer_phone": "", "customer_address": ""}}, {"model": "inventory.sale", "pk": 17, "fields": {"created_at": "2025-07-09T06:44:43.018Z", "created_by": 8, "delivery_fee": 0, "total_amount": 17500, "customer_name": "", "customer_phone": "", "customer_address": ""}}, {"model": "inventory.sale", "pk": 18, "fields": {"created_at": "2025-07-18T12:22:11.493Z", "created_by": 4, "delivery_fee": 0, "total_amount": 48000, "customer_name": "", "customer_phone": "", "customer_address": ""}}, {"model": "inventory.sale", "pk": 19, "fields": {"created_at": "2025-07-18T12:44:37.509Z", "created_by": 4, "delivery_fee": 500, "total_amount": 560500, "customer_name": "", "customer_phone": "", "customer_address": ""}}, {"model": "inventory.saleitem", "pk": 1, "fields": {"sale": 1, "medicine": 1, "quantity": 1, "price_at_sale": 3000}}, {"model": "inventory.saleitem", "pk": 2, "fields": {"sale": 2, "medicine": 1, "quantity": 1, "price_at_sale": 3000}}, {"model": "inventory.saleitem", "pk": 3, "fields": {"sale": 2, "medicine": 2, "quantity": 1, "price_at_sale": 120000}}, {"model": "inventory.saleitem", "pk": 4, "fields": {"sale": 2, "medicine": 3, "quantity": 1, "price_at_sale": 2200}}, {"model": "inventory.saleitem", "pk": 5, "fields": {"sale": 2, "medicine": 4, "quantity": 1, "price_at_sale": 1200}}, {"model": "inventory.saleitem", "pk": 6, "fields": {"sale": 2, "medicine": 5, "quantity": 1, "price_at_sale": 5500}}, {"model": "inventory.saleitem", "pk": 7, "fields": {"sale": 2, "medicine": 6, "quantity": 1, "price_at_sale": 5500}}, {"model": "inventory.saleitem", "pk": 8, "fields": {"sale": 2, "medicine": 7, "quantity": 1, "price_at_sale": 5500}}, {"model": "inventory.saleitem", "pk": 9, "fields": {"sale": 3, "medicine": 1, "quantity": 1, "price_at_sale": 3000}}, {"model": "inventory.saleitem", "pk": 10, "fields": {"sale": 3, "medicine": 2, "quantity": 1, "price_at_sale": 120000}}, {"model": "inventory.saleitem", "pk": 11, "fields": {"sale": 3, "medicine": 3, "quantity": 1, "price_at_sale": 2200}}, {"model": "inventory.saleitem", "pk": 12, "fields": {"sale": 3, "medicine": 4, "quantity": 2, "price_at_sale": 1200}}, {"model": "inventory.saleitem", "pk": 13, "fields": {"sale": 3, "medicine": 5, "quantity": 2, "price_at_sale": 5500}}, {"model": "inventory.saleitem", "pk": 14, "fields": {"sale": 3, "medicine": 6, "quantity": 1, "price_at_sale": 5500}}, {"model": "inventory.saleitem", "pk": 15, "fields": {"sale": 3, "medicine": 7, "quantity": 1, "price_at_sale": 5500}}, {"model": "inventory.saleitem", "pk": 16, "fields": {"sale": 4, "medicine": 2, "quantity": 1, "price_at_sale": 120000}}, {"model": "inventory.saleitem", "pk": 17, "fields": {"sale": 4, "medicine": 3, "quantity": 1, "price_at_sale": 2200}}, {"model": "inventory.saleitem", "pk": 34, "fields": {"sale": 5, "medicine": 2, "quantity": 1, "price_at_sale": 12000}}, {"model": "inventory.saleitem", "pk": 35, "fields": {"sale": 5, "medicine": 3, "quantity": 1, "price_at_sale": 2200}}, {"model": "inventory.saleitem", "pk": 36, "fields": {"sale": 6, "medicine": 2, "quantity": 1, "price_at_sale": 120000}}, {"model": "inventory.saleitem", "pk": 37, "fields": {"sale": 7, "medicine": 3, "quantity": 1, "price_at_sale": 2200}}, {"model": "inventory.saleitem", "pk": 64, "fields": {"sale": 8, "medicine": 6, "quantity": 1, "price_at_sale": 5500}}, {"model": "inventory.saleitem", "pk": 65, "fields": {"sale": 8, "medicine": 7, "quantity": 1, "price_at_sale": 5500}}, {"model": "inventory.saleitem", "pk": 74, "fields": {"sale": 9, "medicine": 5, "quantity": 2, "price_at_sale": 5500}}, {"model": "inventory.saleitem", "pk": 75, "fields": {"sale": 9, "medicine": 6, "quantity": 1, "price_at_sale": 5500}}, {"model": "inventory.saleitem", "pk": 78, "fields": {"sale": 10, "medicine": 2, "quantity": 1, "price_at_sale": 120000}}, {"model": "inventory.saleitem", "pk": 79, "fields": {"sale": 10, "medicine": 3, "quantity": 1, "price_at_sale": 2200}}, {"model": "inventory.saleitem", "pk": 80, "fields": {"sale": 10, "medicine": 5, "quantity": 1, "price_at_sale": 5500}}, {"model": "inventory.saleitem", "pk": 81, "fields": {"sale": 10, "medicine": 6, "quantity": 1, "price_at_sale": 5500}}, {"model": "inventory.saleitem", "pk": 82, "fields": {"sale": 11, "medicine": 2, "quantity": 1, "price_at_sale": 120000}}, {"model": "inventory.saleitem", "pk": 84, "fields": {"sale": 12, "medicine": 5, "quantity": 1, "price_at_sale": 5500}}, {"model": "inventory.saleitem", "pk": 85, "fields": {"sale": 13, "medicine": 8, "quantity": 1, "price_at_sale": 5500}}, {"model": "inventory.saleitem", "pk": 86, "fields": {"sale": 14, "medicine": 2, "quantity": 1, "price_at_sale": 120000}}, {"model": "inventory.saleitem", "pk": 87, "fields": {"sale": 14, "medicine": 8, "quantity": 1, "price_at_sale": 5500}}, {"model": "inventory.saleitem", "pk": 88, "fields": {"sale": 15, "medicine": 2, "quantity": 1, "price_at_sale": 120000}}, {"model": "inventory.saleitem", "pk": 89, "fields": {"sale": 15, "medicine": 8, "quantity": 1, "price_at_sale": 5500}}, {"model": "inventory.saleitem", "pk": 90, "fields": {"sale": 16, "medicine": 5, "quantity": 1, "price_at_sale": 5500}}, {"model": "inventory.saleitem", "pk": 91, "fields": {"sale": 16, "medicine": 6, "quantity": 1, "price_at_sale": 5500}}, {"model": "inventory.saleitem", "pk": 92, "fields": {"sale": 17, "medicine": 2, "quantity": 1, "price_at_sale": 12000}}, {"model": "inventory.saleitem", "pk": 93, "fields": {"sale": 17, "medicine": 8, "quantity": 1, "price_at_sale": 5500}}, {"model": "inventory.saleitem", "pk": 94, "fields": {"sale": 18, "medicine": 2, "quantity": 40, "price_at_sale": 1200}}, {"model": "inventory.saleitem", "pk": 95, "fields": {"sale": 19, "medicine": 5, "quantity": 10, "price_at_sale": 56000}}, {"model": "inventory.pharmacyinfo", "pk": 1, "fields": {"name": "NC Pharmacy", "address": "123 Main Street, Anytown, USA 12345", "phone_number": "(123) 456-7890", "phone_number_2": "251556"}}]